Pitch,Gauge,Links,Cutter,Short,Color,Number,Name
2,6,67,RM3,3634 005 0067,G,2667,26RM3 67
2,6,67,RD3,3667 005 0067,G,2667,26RD3 67
2,6,74,RM3,3634 005 0074,G,2674,26RM3 74
2,6,74,RD3,3667 005 0074,G,2674,26RD3 74
2,6,81,RM3,3634 005 0081,G,2681,26RM3 81
2,6,81,RD3,3667 005 0081,G,2681,26RD3 81
2,6,68,RM3,3634 005 0068,G,2668,26RM3 68
2,6,68,RD3,3667 005 0068,G,2668,26RD3 68
2,6,75,RM3,3634 005 0075,G,2675,26RM3 75
2,6,75,RD3,3667 005 0075,G,2675,26RD3 75
2,6,82,RM3,3634 005 0082,G,2682,26RM3 82
2,6,82,RD3,3667 005 0082,G,2682,26RD3 82
3,3,60,RM3,3662 005 0060,G,3360,33RM3 60
3,3,60,RS3,3624 005 0060,G,3360,33RS3 60
3,3,60,RD3,3681 005 0060,G,3360,33RD3 60
3,3,66,RM3,3662 005 0066,G,3366,33RM3 66
3,3,66,RS3,3624 005 0066,G,3366,33RS3 66
3,3,66,RD3,3681 005 0066,G,3366,33RD3 66
3,3,72,RM3,3662 005 0072,G,3372,33RM3 72
3,3,72,RS3,3624 005 0072,G,3372,33RS3 72
3,3,72,RD3,3681 005 0072,G,3372,33RD3 72
3,3,84,RM3,3662 005 0084,G,3384,33RM3 84
3,3,84,RS3,3624 005 0084,G,3384,33RS3 84
3,3,84,RD3,3681 005 0084,G,3384,33RD3 84
3,3,95,RM3,3662 005 0095,G,3395,33RM3 95
3,3,95,RS3,3624 005 0095,G,3395,33RS3 95
3,3,95,RD3,3681 005 0095,G,3395,33RD3 95
3,3,105,RM3,3662 005 0105,G,33105,33RM3 105
3,3,105,RS3,3624 005 0105,G,33105,33RS3 105
3,3,105,RD3,3681 005 0105,G,33105,33RD3 105
3,3,118,RM3,3662 005 0118,G,33118,33RM3 118
3,3,118,RS3,3624 005 0118,G,33118,33RS3 118
3,3,118,RD3,3681 005 0118,G,33118,33RD3 118
3,6,60,RM3,3664 005 0060,G,3660,36RM3 60
3,6,60,RS3,3626 005 0060,G,3660,36RS3 60
3,6,60,RD3,3683 005 0060,G,3660,36RD3 60
3,6,66,RM3,3664 005 0066,G,3666,36RM3 66
3,6,66,RS3,3626 005 0066,G,3666,36RS3 66
3,6,66,RD3,3683 005 0066,G,3666,36RD3 66
3,6,72,RM3,3664 005 0072,G,3672,36RM3 72
3,6,72,RS3,3626 005 0072,G,3672,36RS3 72
3,6,72,RD3,3683 005 0072,G,3672,36RD3 72
3,6,84,RM3,3664 005 0084,G,3684,36RM3 84
3,6,84,RS3,3626 005 0084,G,3684,36RS3 84
3,6,84,RD3,3683 005 0084,G,3684,36RD3 84
3,6,95,RM3,3664 005 0095,G,3695,36RM3 95
3,6,95,RS3,3626 005 0095,G,3695,36RS3 95
3,6,95,RD3,3683 005 0095,G,3695,36RD3 95
3,6,98,RM3,3664 005 0098,G,3698,36RM3 98
3,6,98,RS3,3626 005 0098,G,3698,36RS3 98
3,6,98,RD3,3683 005 0098,G,3698,36RD3 98
3,6,105,RM3,3664 005 0105,G,36105,36RM3 105
3,6,105,RS3,3626 005 0105,G,36105,36RS3 105
3,6,105,RD3,3683 005 0105,G,36105,36RD3 105
3,6,114,RM3,3664 005 0114,G,36114,36RM3 114
3,6,114,RS3,3626 005 0114,G,36114,36RS3 114
3,6,114,RD3,3683 005 0114,G,36114,36RD3 114
3,6,75,RM3,3664 005 0075,G,3675,36RM3 75
3,6,75,RS3,3626 005 0075,G,3675,36RS3 75
3,6,75,RD3,3683 005 0075,G,3675,36RD3 75
3,6,88,RM3,3664 005 0088,G,3688,36RM3 88
3,6,88,RS3,3626 005 0088,G,3688,36RS3 88
3,6,88,RD3,3683 005 0088,G,3688,36RD3 88
3,6,100,RM3,3664 005 0100,G,36100,36RM3 100
3,6,100,RS3,3626 005 0100,G,36100,36RS3 100
3,6,100,RD3,3683 005 0100,G,36100,36RD3 100
3,6,135,RM3,3664 005 0135,G,36135,36RM3 135
3,6,135,RS3,3626 005 0135,G,36135,36RS3 135
3,6,135,RD3,3683 005 0135,G,36135,36RD3 135
3,6,152,RM3,3664 005 0115,G,36152,36RM3 152
3,6,152,RS3,3626 005 0115,G,36152,36RS3 152
3,6,152,RD3,3683 005 0115,G,36152,36RD3 152
6,1,44,PMM3,3610 005 0044,G,6144,61PMM3 44
6,1,50,PMM3,3610 005 0050,G,6150,61PMM3 50
6,1,55,PMM3,3610 005 0055,G,6155,61PMM3 55
6,3,44,PM3,3636 005 0044,G,6344,63PM3 44
6,3,44,PS3,3616 005 0044,G,6344,63PS3 44
6,3,44,PD3,3612 005 0044,G,6344,63PD3 44
6,3,50,PM3,3636 005 0044,G,6350,63PM3 50
6,3,50,PS3,3616 005 0050,G,6350,63PS3 50
6,3,50,PD3,3612 005 0050,G,6350,63PD3 50
6,3,55,PM3,3636 005 0055,G,6355,63PM3 55
6,3,55,PS3,3616 005 0055,G,6355,63PS3 55
6,3,55,PM3,3636 005 0055,G,6355,63PM3 55
7,1,56,PM3,3670 005 0056,G,7156,71PM3 56
7,1,64,PM3,3670 005 0064,G,7164,71PM3 64
7,1,72,PM3,3670 005 0072,G,7172,71PM3 72
7,1,28,PM3,3670 005 0028,G,7128,71PM3 28
1,3,64,RMS,3661 005 0064,Y,1364,13RMS 64
1,3,64,RM,3660 005 0064,Y,1364,13RM 64
1,3,56,RMS,3661 005 0056,Y,1356,13RMS 56
1,3,56,RM,3660 005 0056,Y,1356,13RM 56
2,6,67,RM,3629 005 0067,Y,2667,26RM 67
2,6,67,RS,3639 005 0067,Y,2667,26RS 67
2,6,74,RM,3629 005 0074,Y,2674,26RM 74
2,6,74,RS,3639 005 0074,Y,2674,26RS 74
2,6,74,RM,3629 005 0074,Y,2674,26RM 74
2,6,74,RS,3639 005 0074,Y,2674,26RS 74
2,6,81,RM,3629 005 0081,Y,2681,26RM 81
2,6,81,RS,3639 005 0081,Y,2681,26RS 81
2,6,68,RM,3629 005 0068,Y,2668,26RM 68
2,6,68,RS,3639 005 0068,Y,2668,26RS 68
2,6,75,RM,3629 005 0075,Y,2675,26RM 75
2,6,75,RS,3639 005 0075,Y,2675,26RS 75
2,6,82,RM,3629 005 0082,Y,2682,26RM 82
2,6,82,RS,3639 005 0082,Y,2682,26RS 82
3,3,60,RM,3650 005 0060,Y,3360,33RM 60
3,3,60,RMF,3993 005 0060,Y,3360,33RMF 60
3,3,60,RS,3623 005 0060,Y,3360,33RS 60
3,3,60,RSF,3676 005 0060,Y,3360,33RSF 60
3,3,60,RSK,3874 005 0060,Y,3360,33RSK 60
3,3,60,RSLK,3640 005 0060,Y,3360,33RSLK 60
3,3,60,RSLHK,3645 005 0060,Y,3360,33RSLHK 60
3,3,60,RSLFK,3672 005 0060,Y,3360,33RSLFK 60
3,3,66,RM,3650 005 0066,Y,3366,33RM 66
3,3,66,RMF,3993 005 0066,Y,3366,33RMF 66
3,3,66,RS,3623 005 0066,Y,3366,33RS 66
3,3,66,RSF,3676 005 0066,Y,3366,33RSF 66
3,3,66,RSK,3874 005 0066,Y,3366,33RSK 66
3,3,66,RSLK,3640 005 0066,Y,3366,33RSLK 66
3,3,66,RSLHK,3645 005 0066,Y,3366,33RSLHK 66
3,3,66,RSLFK,3672 005 0066,Y,3366,33RSLFK 66
3,3,72,RM,3650 005 0072,Y,3372,33RM 72
3,3,72,RMF,3993 005 0072,Y,3372,33RMF 72
3,3,72,RS,3623 005 0072,Y,3372,33RS 72
3,3,72,RSF,3676 005 0072,Y,3372,33RSF 72
3,3,72,RSK,3874 005 0072,Y,3372,33RSK 72
3,3,72,RSLK,3640 005 0072,Y,3372,33RSLK 72
3,3,72,RSLHK,3645 005 0072,Y,3372,33RSLHK 72
3,3,72,RSLFK,3672 005 0072,Y,3372,33RSLFK 72
3,3,84,RM,3650 005 0084,Y,3384,33RM 84
3,3,84,RMF,3993 005 0084,Y,3384,33RMF 84
3,3,84,RS,3623 005 0084,Y,3384,33RS 84
3,3,84,RSF,3676 005 0084,Y,3384,33RSF 84
3,3,84,RSK,3874 005 0084,Y,3384,33RSK 84
3,3,84,RSLK,3640 005 0084,Y,3384,33RSLK 84
3,3,84,RSLHK,3645 005 0084,Y,3384,33RSLHK 84
3,3,84,RSLFK,3672 005 0084,Y,3384,33RSLFK 84
3,3,95,RM,3650 005 0095,Y,3395,33RM 95
3,3,95,RMF,3993 005 0095,Y,3395,33RMF 95
3,3,95,RS,3623 005 0095,Y,3395,33RS 95
3,3,95,RSF,3676 005 0095,Y,3395,33RSF 95
3,3,95,RSK,3874 005 0095,Y,3395,33RSK 95
3,3,95,RSLK,3640 005 0095,Y,3395,33RSLK 95
3,3,95,RSLHK,3645 005 0095,Y,3395,33RSLHK 95
3,3,95,RSLFK,3672 005 0095,Y,3395,33RSLFK 95
3,3,105,RM,3650 005 0105,Y,33105,33RM 105
3,3,105,RMF,3993 005 0105,Y,33105,33RMF 105
3,3,105,RS,3623 005 0105,Y,33105,33RS 105
3,3,105,RSF,3676 005 0105,Y,33105,33RSF 105
3,3,105,RSK,3874 005 0105,Y,33105,33RSK 105
3,3,105,RSLK,3640 005 0105,Y,33105,33RSLK 105
3,3,105,RSLHK,3645 005 0105,Y,33105,33RSLHK 105
3,3,105,RSLFK,3672 005 0105,Y,33105,33RSLFK 105
3,3,118,RM,3650 005 0118,Y,33118,33RM 118
3,3,118,RMF,3993 005 0118,Y,33118,33RMF 118
3,3,118,RS,3623 005 0118,Y,33118,33RS 118
3,3,118,RSF,3676 005 0118,Y,33118,33RSF 118
3,3,118,RSK,3874 005 0118,Y,33118,33RSK 118
3,3,118,RSLK,3640 005 0118,Y,33118,33RSLK 118
3,3,118,RSLHK,3645 005 0118,Y,33118,33RSLHK 118
3,3,118,RSLFK,3672 005 0118,Y,33118,33RSLFK 118
3,6,60,RM,3652 005 0060,Y,3660,36RM 60
3,6,60,RS,3621 005 0060,Y,3660,36RS 60
3,6,60,RSLK,3641 005 0060,Y,3660,36RSLK 60
3,6,60,RSLHK,3646 005 0060,Y,3660,36RSLHK 60
3,6,60,RSLFK,3673 005 0060,Y,3660,36RSLFK 60
3,6,60,RDR,3673 005 0060,Y,3660,36RDR 60
3,6,66,RM,3652 005 0060,Y,3666,36RM 66
3,6,66,RS,3621 005 0060,Y,3666,36RS 66
3,6,66,RSLK,3641 005 0060,Y,3666,36RSLK 66
3,6,66,RSLHK,3646 005 0060,Y,3666,36RSLHK 66
3,6,66,RSLFK,3673 005 0060,Y,3666,36RSLFK 66
3,6,66,RDR,3673 005 0060,Y,3666,36RDR 66
3,6,72,RM,3652 005 0060,Y,3672,36RM 72
3,6,72,RS,3621 005 0060,Y,3672,36RS 72
3,6,72,RSLK,3641 005 0060,Y,3672,36RSLK 72
3,6,72,RSLHK,3646 005 0060,Y,3672,36RSLHK 72
3,6,72,RSLFK,3673 005 0060,Y,3672,36RSLFK 72
3,6,72,RDR,3673 005 0060,Y,3672,36RDR 72
3,6,84,RM,3652 005 0060,Y,3684,36RM 84
3,6,84,RS,3621 005 0060,Y,3684,36RS 84
3,6,84,RSLK,3641 005 0060,Y,3684,36RSLK 84
3,6,84,RSLHK,3646 005 0060,Y,3684,36RSLHK 84
3,6,84,RSLFK,3673 005 0060,Y,3684,36RSLFK 84
3,6,84,RDR,3673 005 0060,Y,3684,36RDR 84
3,6,95,RM,3652 005 0060,Y,3695,36RM 95
3,6,95,RS,3621 005 0060,Y,3695,36RS 95
3,6,95,RSLK,3641 005 0060,Y,3695,36RSLK 95
3,6,95,RSLHK,3646 005 0060,Y,3695,36RSLHK 95
3,6,95,RSLFK,3673 005 0060,Y,3695,36RSLFK 95
3,6,95,RDR,3673 005 0060,Y,3695,36RDR 95
3,6,98,RM,3652 005 0060,Y,3698,36RM 98
3,6,98,RS,3621 005 0060,Y,3698,36RS 98
3,6,98,RSLK,3641 005 0060,Y,3698,36RSLK 98
3,6,98,RSLHK,3646 005 0060,Y,3698,36RSLHK 98
3,6,98,RSLFK,3673 005 0060,Y,3698,36RSLFK 98
3,6,98,RDR,3673 005 0060,Y,3698,36RDR 98
3,6,105,RM,3652 005 0060,Y,36105,36RM 105
3,6,105,RS,3621 005 0060,Y,36105,36RS 105
3,6,105,RSLK,3641 005 0060,Y,36105,36RSLK 105
3,6,105,RSLHK,3646 005 0060,Y,36105,36RSLHK 105
3,6,105,RSLFK,3673 005 0060,Y,36105,36RSLFK 105
3,6,105,RDR,3673 005 0060,Y,36105,36RDR 105
3,6,114,RM,3652 005 0060,Y,36114,36RM 114
3,6,114,RS,3621 005 0060,Y,36114,36RS 114
3,6,114,RSLK,3641 005 0060,Y,36114,36RSLK 114
3,6,114,RSLHK,3646 005 0060,Y,36114,36RSLHK 114
3,6,114,RSLFK,3673 005 0060,Y,36114,36RSLFK 114
3,6,114,RDR,3673 005 0060,Y,36114,36RDR 114
3,6,75,RM,3652 005 0060,Y,3675,36RM 75
3,6,75,RS,3621 005 0060,Y,3675,36RS 75
3,6,75,RSLK,3641 005 0060,Y,3675,36RSLK 75
3,6,75,RSLHK,3646 005 0060,Y,3675,36RSLHK 75
3,6,75,RSLFK,3673 005 0060,Y,3675,36RSLFK 75
3,6,75,RDR,3673 005 0060,Y,3675,36RDR 75
3,6,88,RM,3652 005 0060,Y,3688,36RM 88
3,6,88,RS,3621 005 0060,Y,3688,36RS 88
3,6,88,RSLK,3641 005 0060,Y,3688,36RSLK 88
3,6,88,RSLHK,3646 005 0060,Y,3688,36RSLHK 88
3,6,88,RSLFK,3673 005 0060,Y,3688,36RSLFK 88
3,6,88,RDR,3673 005 0060,Y,3688,36RDR 88
3,6,100,RM,3652 005 0060,Y,36100,36RM 100
3,6,100,RS,3621 005 0060,Y,36100,36RS 100
3,6,100,RSLK,3641 005 0060,Y,36100,36RSLK 100
3,6,100,RSLHK,3646 005 0060,Y,36100,36RSLHK 100
3,6,100,RSLFK,3673 005 0060,Y,36100,36RSLFK 100
3,6,100,RDR,3673 005 0060,Y,36100,36RDR 100
3,6,135,RM,3652 005 0060,Y,36135,36RM 135
3,6,135,RS,3621 005 0060,Y,36135,36RS 135
3,6,135,RSLK,3641 005 0060,Y,36135,36RSLK 135
3,6,135,RSLHK,3646 005 0060,Y,36135,36RSLHK 135
3,6,135,RSLFK,3673 005 0060,Y,36135,36RSLFK 135
3,6,135,RDR,3673 005 0060,Y,36135,36RDR 135
3,6,152,RM,3652 005 0060,Y,36152,36RM 152
3,6,152,RS,3621 005 0060,Y,36152,36RS 152
3,6,152,RSLK,3641 005 0060,Y,36152,36RSLK 152
3,6,152,RSLHK,3646 005 0060,Y,36152,36RSLHK 152
3,6,152,RSLFK,3673 005 0060,Y,36152,36RSLFK 152
3,6,152,RDR,3673 005 0060,Y,36152,36RDR 152
6,3,44,PS,3617 005 0044,Y,6344,63PS 44
6,3,50,PS,3617 005 0050,Y,6350,63PS 50
6,3,55,PS,3617 005 0055,Y,6355,63PS 55
4,6,60,RMF,3883 005 0060,Y,4660,46RMF 60
4,6,60,RSLF,3851 005 0060,Y,4660,46RSLF 60
4,6,60,RS,3946 005 0060,Y,4660,46RS 60
4,6,66,RMF,3883 005 0066,Y,4666,46RMF 66
4,6,66,RSLF,3851 005 0066,Y,4666,46RSLF 66
4,6,66,RS,3946 005 0066,Y,4666,46RS 66
4,6,68,RMF,3883 005 0068,Y,4668,46RMF 68
4,6,68,RSLF,3851 005 0068,Y,4668,46RSLF 68
4,6,68,RS,3946 005 0068,Y,4668,46RS 68
4,6,77,RMF,3883 005 0077,Y,4677,46RMF 77
4,6,77,RSLF,3851 005 0077,Y,4677,46RSLF 77
4,6,77,RS,3946 005 0077,Y,4677,46RS 77
4,6,88,RMF,3883 005 0088,Y,4688,46RMF 88
4,6,88,RSLF,3851 005 0088,Y,4688,46RSLF 88
4,6,88,RS,3946 005 0088,Y,4688,46RS 88
4,6,95,RMF,3883 005 0095,Y,4695,46RMF 95
4,6,95,RSLF,3851 005 0095,Y,4695,46RSLF 95
4,6,95,RS,3946 005 0095,Y,4695,46RS 95
4,6,104,RMF,3883 005 0104,Y,46104,46RMF 104
4,6,104,RSLF,3851 005 0104,Y,46104,46RSLF 104
4,6,104,RS,3946 005 0104,Y,46104,46RS 104
4,6,80,RMF,3883 005 0080,Y,4680,46RMF 80
4,6,80,RSLF,3851 005 0080,Y,4680,46RSLF 80
4,6,80,RS,3946 005 0080,Y,4680,46RS 80
4,6,91,RMF,3883 005 0091,Y,4691,46RMF 91
4,6,91,RSLF,3851 005 0091,Y,4691,46RSLF 91
4,6,91,RS,3946 005 0091,Y,4691,46RS 91
4,6,92,RMF,3883 005 0092,Y,4692,46RMF 92
4,6,92,RSLF,3851 005 0092,Y,4692,46RSLF 92
4,6,92,RS,3946 005 0092,Y,4692,46RS 92
4,6,108,RMF,3883 005 0108,Y,46108,46RMF 108
4,6,108,RSLF,3851 005 0108,Y,46108,46RSLF 108
4,6,108,RS,3946 005 0108,Y,46108,46RS 108
4,6,123,RMF,3883 005 0123,Y,46123,46RMF 123
4,6,123,RSLF,3851 005 0123,Y,46123,46RSLF 123
4,6,123,RS,3946 005 0123,Y,46123,46RS 123
4,6,138,RMF,3883 005 0138,Y,46138,46RMF 138
4,6,138,RSLF,3851 005 0138,Y,46138,46RSLF 138
4,6,138,RS,3946 005 0138,Y,46138,46RS 138
4,6,173,RMF,3883 005 0173,Y,46173,46RMF 173
4,6,173,RSLF,3851 005 0173,Y,46173,46RSLF 173
4,6,173,RS,3946 005 0173,Y,46173,46RS 173